file,label
img_54312.jpg,0
img_19246.jpg,1
img_45005.jpg,1
img_59016.jpg,0
img_76602.jpg,1
img_4672.jpg,0
img_99971.jpg,1
img_34741.jpg,1
img_27187.jpg,1
img_38113.jpg,1
img_44981.jpg,1
img_652.jpg,0
img_42578.jpg,1
img_22143.jpg,1
img_13327.jpg,1
img_30520.jpg,1
img_5736.jpg,0
img_17358.jpg,0
img_16947.jpg,0
img_35908.jpg,1
img_35926.jpg,0
img_52810.jpg,0
img_70335.jpg,0
img_85940.jpg,1
img_54704.jpg,0
img_67424.jpg,1
img_66370.jpg,0
img_27832.jpg,1
img_101419.jpg,1
img_6345.jpg,0
img_37058.jpg,1
img_93894.jpg,1
img_59561.jpg,1
img_53437.jpg,1
img_72428.jpg,0
img_63590.jpg,0
img_98917.jpg,1
img_65647.jpg,1
img_16706.jpg,0
img_48117.jpg,0
img_46345.jpg,0
img_25298.jpg,1
img_67436.jpg,0
img_73989.jpg,0
img_10626.jpg,0
img_64745.jpg,0
img_6738.jpg,0
img_82718.jpg,0
img_8152.jpg,0
img_16850.jpg,1
img_6086.jpg,0
img_5869.jpg,1
img_77911.jpg,1
img_34067.jpg,0
img_34274.jpg,1
img_92867.jpg,1
img_79551.jpg,0
img_79799.jpg,1
img_13728.jpg,0
img_82130.jpg,0
img_45095.jpg,1
img_45570.jpg,0
img_91149.jpg,1
img_79563.jpg,1
img_29055.jpg,1
img_5213.jpg,0
img_61493.jpg,1
img_15277.jpg,0
img_6556.jpg,0
img_25389.jpg,1
img_37249.jpg,0
img_50650.jpg,0
img_74616.jpg,0
img_15800.jpg,0
img_3824.jpg,1
img_62207.jpg,1
img_38873.jpg,0
img_11603.jpg,0
img_45565.jpg,0
img_62061.jpg,1
img_10678.jpg,0
img_55929.jpg,1
img_68732.jpg,0
img_79521.jpg,1
img_4733.jpg,1
img_69691.jpg,0
img_58735.jpg,0
img_6132.jpg,0
img_39507.jpg,1
img_14358.jpg,0
img_69450.jpg,0
img_60810.jpg,0
img_99779.jpg,1
img_2866.jpg,0
img_69801.jpg,0
img_1990.jpg,1
img_18073.jpg,0
img_85821.jpg,1
img_17014.jpg,0
img_75911.jpg,0
img_7566.jpg,0
img_47819.jpg,0
img_51301.jpg,0
img_71529.jpg,0
img_28066.jpg,0
img_74152.jpg,0
img_1295.jpg,0
img_14105.jpg,1
img_13326.jpg,0
img_58147.jpg,0
img_10950.jpg,0
img_81.jpg,0
img_38005.jpg,1
img_80596.jpg,1
img_14304.jpg,0
img_13312.jpg,0
img_35096.jpg,0
img_18056.jpg,0
img_10213.jpg,0
img_51330.jpg,1
img_17470.jpg,1
img_51968.jpg,0
img_65495.jpg,0
img_60670.jpg,0
img_13338.jpg,1
img_32994.jpg,1
img_24070.jpg,0
img_719.jpg,0
img_8776.jpg,0
img_14321.jpg,0
img_81052.jpg,1
img_69913.jpg,0
img_71280.jpg,0
img_22206.jpg,1
img_9768.jpg,0
img_14671.jpg,0
img_13144.jpg,0
img_12717.jpg,0
img_74576.jpg,0
img_22026.jpg,1
img_41728.jpg,0
img_66941.jpg,0
img_80488.jpg,1
img_1830.jpg,1
img_81044.jpg,1
img_149.jpg,0
img_10652.jpg,1
img_39280.jpg,1
img_53925.jpg,0
img_49201.jpg,0
img_65756.jpg,0
img_40944.jpg,1
img_13540.jpg,0
img_15089.jpg,0
img_43132.jpg,0
img_66990.jpg,1
img_57279.jpg,0
img_54034.jpg,0
img_43304.jpg,1
img_66419.jpg,0
img_35515.jpg,1
img_47662.jpg,0
img_97714.jpg,1
img_58882.jpg,0
img_82306.jpg,0
img_8463.jpg,0
img_70091.jpg,0
img_27394.jpg,0
img_69473.jpg,0
img_60975.jpg,0
img_70521.jpg,0
img_13357.jpg,1
img_70877.jpg,0
img_1759.jpg,0
img_50284.jpg,0
img_77696.jpg,1
img_80065.jpg,0
img_15005.jpg,0
img_18380.jpg,1
img_71538.jpg,1
img_73679.jpg,0
img_19960.jpg,0
img_3888.jpg,0
img_36923.jpg,0
img_19098.jpg,1
img_60925.jpg,1
img_6471.jpg,1
img_69630.jpg,0
img_8641.jpg,0
img_63996.jpg,0
img_16548.jpg,0
img_10922.jpg,0
img_8778.jpg,0
img_33460.jpg,0
img_25535.jpg,1
img_13795.jpg,0
img_10096.jpg,0
img_8941.jpg,1
img_60417.jpg,0
img_4786.jpg,1
img_52100.jpg,0
img_42822.jpg,0
img_68837.jpg,0
img_6587.jpg,1
img_3470.jpg,1
img_92742.jpg,1
img_62053.jpg,1
img_61375.jpg,1
img_42533.jpg,0
img_7253.jpg,0
img_67971.jpg,0
img_33264.jpg,0
img_50983.jpg,0
img_34386.jpg,0
img_43436.jpg,0
img_14530.jpg,0
img_23970.jpg,0
img_57149.jpg,0
img_5164.jpg,0
img_25822.jpg,1
img_9231.jpg,1
img_12114.jpg,1
img_22545.jpg,0
img_79447.jpg,1
img_82761.jpg,1
img_26370.jpg,0
img_47410.jpg,1
img_3648.jpg,0
img_72348.jpg,0
img_71915.jpg,1
img_98853.jpg,1
img_2426.jpg,0
img_52690.jpg,0
img_23580.jpg,1
img_69640.jpg,1
img_7454.jpg,1
img_82545.jpg,1
img_97783.jpg,1
img_36606.jpg,0
img_72386.jpg,0
img_5207.jpg,0
img_55344.jpg,0
img_42766.jpg,0
img_42917.jpg,0
img_69752.jpg,0
img_58205.jpg,0
img_87852.jpg,1
img_5450.jpg,1
img_61077.jpg,1
img_33108.jpg,0
img_54176.jpg,0
img_11316.jpg,0
img_95245.jpg,1
img_24367.jpg,0
img_64261.jpg,0
img_43280.jpg,0
img_88169.jpg,1
img_62353.jpg,0
img_10535.jpg,0
img_93835.jpg,1
img_8249.jpg,0
img_39067.jpg,1
img_6044.jpg,0
img_13325.jpg,0
img_16985.jpg,0
img_42723.jpg,1
img_2298.jpg,1
img_82200.jpg,1
img_20712.jpg,1
img_77644.jpg,1
img_54759.jpg,0
img_88409.jpg,1
img_5241.jpg,0
img_92637.jpg,1
img_5250.jpg,0
img_9604.jpg,0
img_61131.jpg,0
img_69188.jpg,1
img_42803.jpg,0
img_59519.jpg,0
img_74110.jpg,0
img_61208.jpg,1
img_1498.jpg,0
img_13240.jpg,0
img_6402.jpg,0
img_9286.jpg,1
img_7608.jpg,1
img_2843.jpg,1
img_71214.jpg,1
img_72013.jpg,0
img_56741.jpg,1
img_99846.jpg,1
img_2975.jpg,1
img_67639.jpg,1
img_510.jpg,0
img_74850.jpg,0
img_32990.jpg,1
img_30340.jpg,1
img_17332.jpg,0
img_14833.jpg,0
img_6323.jpg,0
img_55918.jpg,0
img_70816.jpg,0
img_8032.jpg,0
img_92464.jpg,1
img_34658.jpg,0
img_59967.jpg,0
img_844.jpg,1
img_57096.jpg,1
img_66010.jpg,1
img_2388.jpg,0
img_15262.jpg,0
img_3469.jpg,0
img_7604.jpg,1
img_4106.jpg,0
img_5940.jpg,0
img_15486.jpg,0
img_71441.jpg,0
img_13063.jpg,1
img_28541.jpg,1
img_7464.jpg,1
img_14397.jpg,0
img_67829.jpg,1
img_60651.jpg,1
img_62393.jpg,0
img_9039.jpg,0
img_9144.jpg,0
img_700.jpg,0
img_9967.jpg,1
img_73145.jpg,0
img_8033.jpg,0
img_6516.jpg,0
img_75998.jpg,0
img_48221.jpg,1
img_30523.jpg,1
img_60135.jpg,0
img_72449.jpg,1
img_66850.jpg,0
img_80666.jpg,1
img_97181.jpg,1
img_11121.jpg,0
img_40312.jpg,1
img_49745.jpg,0
img_44388.jpg,1
img_90390.jpg,1
img_41859.jpg,1
img_2609.jpg,1
img_292.jpg,1
img_42448.jpg,0
img_77197.jpg,0
img_16967.jpg,0
img_15814.jpg,0
img_2764.jpg,1
img_42211.jpg,0
img_29873.jpg,1
img_74763.jpg,0
img_14271.jpg,0
img_22247.jpg,0
img_43527.jpg,0
img_79366.jpg,0
img_37649.jpg,0
img_28465.jpg,1
img_13412.jpg,0
img_92795.jpg,1
img_36675.jpg,0
img_7426.jpg,1
img_84289.jpg,1
img_11159.jpg,0
img_77590.jpg,0
img_46076.jpg,0
img_12642.jpg,1
img_74288.jpg,0
img_66982.jpg,1
img_75489.jpg,0
img_2314.jpg,0
img_31355.jpg,1
img_33581.jpg,0
img_1564.jpg,0
img_24716.jpg,1
img_26185.jpg,1
img_31024.jpg,1
img_75961.jpg,0
img_54739.jpg,1
img_58340.jpg,0
img_80630.jpg,1
img_71452.jpg,1
img_65222.jpg,1
img_2064.jpg,1
img_15822.jpg,1
img_12281.jpg,0
img_3797.jpg,0
img_101938.jpg,1
img_29321.jpg,0
img_57480.jpg,0
img_19066.jpg,1
img_761.jpg,0
img_33532.jpg,1
img_9655.jpg,0
img_72153.jpg,0
img_70351.jpg,0
img_76800.jpg,1
img_79859.jpg,0
img_23449.jpg,1
img_55166.jpg,0
img_75910.jpg,0
img_64105.jpg,0
img_77713.jpg,1
img_59970.jpg,0
img_12316.jpg,0
img_73316.jpg,0
img_43620.jpg,0
img_75400.jpg,1
img_26695.jpg,1
img_66042.jpg,0
img_67126.jpg,0
img_19759.jpg,0
img_62837.jpg,0
img_24471.jpg,1
img_2015.jpg,0
img_99098.jpg,1
img_78917.jpg,0
img_2825.jpg,0
img_12375.jpg,1
img_60206.jpg,0
img_39359.jpg,1
img_623.jpg,1
img_47257.jpg,0
img_78631.jpg,1
img_70567.jpg,0
img_2144.jpg,0
img_22678.jpg,0
img_41327.jpg,0
img_75155.jpg,0
img_66836.jpg,1
img_34979.jpg,0
img_65880.jpg,0
img_11053.jpg,1
img_40126.jpg,0
img_1444.jpg,0
img_25402.jpg,0
img_60551.jpg,0
img_79002.jpg,0
img_94690.jpg,1
img_61024.jpg,0
img_56588.jpg,1
img_5654.jpg,0
img_13861.jpg,0
img_11057.jpg,0
img_3039.jpg,0
img_50755.jpg,0
img_61108.jpg,1
img_81986.jpg,0
img_75764.jpg,1
img_7987.jpg,0
img_2516.jpg,1
img_60707.jpg,0
img_89850.jpg,0
img_18240.jpg,0
img_71882.jpg,0
img_75363.jpg,0
img_9411.jpg,0
img_10543.jpg,0
img_448.jpg,0
img_84279.jpg,1
img_74020.jpg,0
img_86851.jpg,1
img_16046.jpg,1
img_53955.jpg,0
img_46103.jpg,0
img_2217.jpg,1
img_498.jpg,1
img_72211.jpg,1
img_46834.jpg,1
img_64406.jpg,0
img_68961.jpg,0
img_5096.jpg,0
img_30453.jpg,1
img_54004.jpg,1
img_70034.jpg,0
img_72382.jpg,0
img_71460.jpg,0
img_25599.jpg,1
img_23874.jpg,1
img_84935.jpg,1
img_52978.jpg,1
img_40988.jpg,0
img_18847.jpg,1
img_82610.jpg,1
img_59569.jpg,1
img_54857.jpg,1
img_59103.jpg,0
img_17484.jpg,1
img_88552.jpg,1
img_61038.jpg,1
img_17794.jpg,1
img_1215.jpg,1
img_38730.jpg,0
img_42098.jpg,0
img_64942.jpg,0
img_47179.jpg,0
img_60889.jpg,0
img_69965.jpg,0
img_56142.jpg,1
img_69694.jpg,1
img_34699.jpg,0
img_70645.jpg,1
img_69693.jpg,0
img_36943.jpg,1
img_2663.jpg,0
img_99179.jpg,1
img_18177.jpg,0
img_37483.jpg,0
img_64580.jpg,0
img_38463.jpg,1
img_48034.jpg,0
img_6799.jpg,0
img_26926.jpg,1
img_12206.jpg,0
img_3767.jpg,0
img_69347.jpg,0
img_34928.jpg,1
img_65833.jpg,1
img_12630.jpg,0
img_74470.jpg,0
img_75088.jpg,0
img_71649.jpg,1
img_45107.jpg,1
img_75881.jpg,0
img_22013.jpg,0
img_7409.jpg,0
img_49827.jpg,1
img_12544.jpg,0
img_43024.jpg,0
img_36399.jpg,0
img_37741.jpg,1
img_9915.jpg,0
img_42132.jpg,0
img_7657.jpg,0
img_74913.jpg,0
img_822.jpg,0
img_59455.jpg,0
img_4116.jpg,0
img_75773.jpg,1
img_39351.jpg,0
img_68142.jpg,0
img_4483.jpg,1
img_3482.jpg,0
img_15897.jpg,1
img_61037.jpg,1
img_61961.jpg,0
img_10606.jpg,1
img_72576.jpg,0
img_5266.jpg,1
img_3744.jpg,0
img_38766.jpg,0
img_68852.jpg,0
img_73951.jpg,1
img_67752.jpg,0
img_1039.jpg,1
img_51881.jpg,0
img_90719.jpg,1
img_97780.jpg,1
img_101414.jpg,1
img_60290.jpg,0
img_29005.jpg,1
img_60616.jpg,0
img_61737.jpg,1
img_52670.jpg,1
img_727.jpg,0
img_23991.jpg,0
img_41592.jpg,0
img_53736.jpg,0
img_64681.jpg,1
img_93636.jpg,1
img_59285.jpg,0
img_19976.jpg,0
img_10307.jpg,1
img_43342.jpg,0
img_3115.jpg,0
img_1010.jpg,0
img_69094.jpg,1
img_7301.jpg,0
img_394.jpg,0
img_60142.jpg,0
img_67090.jpg,1
img_3014.jpg,0
img_56181.jpg,1
img_65970.jpg,0
img_16744.jpg,1
img_4849.jpg,0
img_49115.jpg,0
img_60673.jpg,0
img_89511.jpg,1
img_59480.jpg,0
img_1043.jpg,0
img_58551.jpg,1
img_7040.jpg,0
img_19923.jpg,0
img_69063.jpg,0
img_51658.jpg,1
img_52577.jpg,0
img_4629.jpg,1
img_75209.jpg,0
img_3025.jpg,1
img_9244.jpg,0
img_93133.jpg,1
img_29020.jpg,1
img_10672.jpg,0
img_80836.jpg,0
img_18121.jpg,1
img_6576.jpg,0
img_10478.jpg,0
img_6971.jpg,0
img_28710.jpg,1
img_54950.jpg,0
img_51408.jpg,1
img_20101.jpg,0
img_70345.jpg,0
img_64476.jpg,0
img_11230.jpg,0
img_90059.jpg,1
img_4186.jpg,0
img_65777.jpg,0
img_65515.jpg,0
img_95830.jpg,1
img_115.jpg,0
img_81039.jpg,0
img_7907.jpg,0
img_92645.jpg,1
img_58634.jpg,0
img_8720.jpg,0
img_29332.jpg,1
img_16817.jpg,0
img_2558.jpg,1
img_2585.jpg,1
img_10226.jpg,0
img_74929.jpg,0
img_54966.jpg,0
img_46441.jpg,1
img_22653.jpg,0
img_61731.jpg,0
img_62318.jpg,0
img_58762.jpg,0
img_60126.jpg,0
img_35373.jpg,1
img_10627.jpg,1
img_21990.jpg,0
img_22221.jpg,0
img_9266.jpg,0
img_35277.jpg,0
img_9529.jpg,1
img_73143.jpg,0
img_14450.jpg,0
img_38581.jpg,0
img_4854.jpg,1
img_11532.jpg,1
img_69181.jpg,0
img_39730.jpg,0
img_477.jpg,0
img_79594.jpg,0
img_77558.jpg,1
img_28760.jpg,1
img_45499.jpg,1
img_6796.jpg,0
img_50058.jpg,1
img_64778.jpg,0
img_74961.jpg,0
img_939.jpg,0
img_75720.jpg,0
img_68118.jpg,1
img_56199.jpg,0
img_81171.jpg,0
img_55939.jpg,0
img_38288.jpg,1
img_61744.jpg,0
img_44820.jpg,1
img_81562.jpg,0
img_44500.jpg,0
img_70652.jpg,0
img_4343.jpg,0
img_20201.jpg,0
img_11561.jpg,0
img_44050.jpg,0
img_19755.jpg,0
img_2315.jpg,0
img_7990.jpg,1
img_64545.jpg,0
img_11902.jpg,1
img_21218.jpg,0
img_8663.jpg,0
img_51313.jpg,0
img_8870.jpg,0
img_42809.jpg,0
img_8399.jpg,0
img_5237.jpg,1
img_87687.jpg,1
img_23592.jpg,1
img_52801.jpg,1
img_12470.jpg,0
img_83748.jpg,1
img_47332.jpg,1
img_80185.jpg,0
img_26740.jpg,1
img_48825.jpg,0
img_68414.jpg,0
img_59557.jpg,0
img_55933.jpg,1
img_924.jpg,1
img_54300.jpg,0
img_71757.jpg,0
img_13873.jpg,0
img_84072.jpg,1
img_99003.jpg,1
img_69051.jpg,0
img_56031.jpg,0
img_44073.jpg,1
img_1083.jpg,1
img_5261.jpg,0
img_15367.jpg,1
img_41737.jpg,0
img_58326.jpg,0
img_71405.jpg,0
img_11329.jpg,0
img_44933.jpg,1
img_36563.jpg,0
img_14226.jpg,0
img_44940.jpg,0
img_71045.jpg,1
img_42006.jpg,0
img_1220.jpg,0
img_57786.jpg,0
img_50063.jpg,0
img_82854.jpg,0
img_43739.jpg,1
img_75168.jpg,1
img_49761.jpg,0
img_17819.jpg,0
img_39809.jpg,0
img_30400.jpg,1
img_16755.jpg,0
img_83269.jpg,0
img_49851.jpg,1
img_22631.jpg,0
img_37953.jpg,1
img_1570.jpg,0
img_62998.jpg,0
img_7227.jpg,1
img_75064.jpg,0
img_33770.jpg,0
img_16651.jpg,0
img_20847.jpg,1
img_76165.jpg,1
img_71583.jpg,0
img_4401.jpg,0
img_61850.jpg,0
img_66256.jpg,0
img_64182.jpg,1
img_69941.jpg,0
img_1337.jpg,1
img_11813.jpg,0
img_73730.jpg,0
img_11982.jpg,0
img_88531.jpg,1
img_67501.jpg,0
img_36319.jpg,0
img_62101.jpg,1
img_50998.jpg,1
img_40360.jpg,0
img_94406.jpg,1
img_57151.jpg,1
img_41872.jpg,0
img_45462.jpg,1
img_2631.jpg,0
img_73222.jpg,0
img_46158.jpg,0
img_51781.jpg,0
img_56319.jpg,0
img_12718.jpg,0
img_24236.jpg,0
img_94674.jpg,1
img_5656.jpg,1
img_18656.jpg,0
img_82585.jpg,0
img_56934.jpg,0
img_40017.jpg,0
img_6432.jpg,0
img_11743.jpg,0
img_54533.jpg,1
img_57625.jpg,0
img_9100.jpg,1
img_67027.jpg,1
img_1148.jpg,0
img_34407.jpg,0
img_44903.jpg,1
img_60663.jpg,0
img_1519.jpg,1
img_4921.jpg,0
img_28115.jpg,1
img_27110.jpg,1
img_17580.jpg,0
img_38722.jpg,1
img_66711.jpg,1
img_50819.jpg,1
img_27997.jpg,1
img_66672.jpg,0
img_398.jpg,1
img_44660.jpg,0
img_57097.jpg,0
img_57036.jpg,0
img_101498.jpg,1
img_47368.jpg,0
img_50417.jpg,1
img_73384.jpg,0
img_2159.jpg,0
img_66478.jpg,0
img_56120.jpg,1
img_44422.jpg,1
img_66223.jpg,0
img_52360.jpg,0
img_49198.jpg,0
img_82683.jpg,0
img_61436.jpg,0
img_88140.jpg,0
img_21289.jpg,1
img_76703.jpg,0
img_45572.jpg,1
img_48593.jpg,1
img_65073.jpg,0
img_665.jpg,0
img_9017.jpg,1
img_12489.jpg,0
img_7093.jpg,0
img_11249.jpg,0
img_36413.jpg,0
img_10838.jpg,0
img_8065.jpg,0
img_9498.jpg,0
img_74001.jpg,0
img_74182.jpg,1
img_6715.jpg,0
img_70862.jpg,0
img_40652.jpg,1
img_13483.jpg,0
img_27382.jpg,1
img_78263.jpg,1
img_56357.jpg,0
img_67110.jpg,1
img_16570.jpg,0
img_43734.jpg,1
img_74410.jpg,1
img_43732.jpg,0
img_46160.jpg,0
img_11914.jpg,1
img_47558.jpg,1
img_39356.jpg,1
img_10481.jpg,0
img_61942.jpg,0
img_37713.jpg,0
img_37540.jpg,0
img_46711.jpg,0
img_14278.jpg,0
img_69650.jpg,0
img_29172.jpg,1
img_27414.jpg,1
img_36155.jpg,1
img_20790.jpg,1
img_64307.jpg,0
img_11047.jpg,0
img_73138.jpg,1
img_6178.jpg,1
img_56466.jpg,1
img_7702.jpg,0
img_5733.jpg,1
img_49634.jpg,0
img_68409.jpg,0
img_22984.jpg,1
img_22456.jpg,0
img_49631.jpg,0
img_37626.jpg,1
img_89586.jpg,1
img_36284.jpg,0
img_50367.jpg,0
img_63775.jpg,1
img_15753.jpg,1
img_57748.jpg,0
img_66435.jpg,0
img_77266.jpg,0
img_99289.jpg,1
img_79894.jpg,0
img_45607.jpg,0
img_3055.jpg,0
img_10053.jpg,1
img_20579.jpg,0
img_56236.jpg,0
img_58242.jpg,0
img_74556.jpg,0
img_50870.jpg,0
img_22272.jpg,0
img_60711.jpg,0
img_35930.jpg,0
img_51859.jpg,0
img_9150.jpg,1
img_76198.jpg,1
img_11288.jpg,0
img_65583.jpg,1
img_64535.jpg,0
img_54568.jpg,0
img_12426.jpg,1
img_69997.jpg,1
img_52332.jpg,1
img_2028.jpg,1
img_15926.jpg,0
img_81771.jpg,0
img_14581.jpg,0
img_8420.jpg,0
img_65312.jpg,0
img_18323.jpg,0
img_17132.jpg,0
img_19723.jpg,0
img_15043.jpg,0
img_29306.jpg,1
img_20588.jpg,1
img_70274.jpg,0
img_72365.jpg,0
img_37546.jpg,0
img_61033.jpg,0
img_36574.jpg,1
img_36499.jpg,1
img_70753.jpg,0
img_66185.jpg,0
img_8543.jpg,1
img_20781.jpg,0
img_68708.jpg,1
img_55434.jpg,1
img_9647.jpg,0
img_69740.jpg,1
img_68379.jpg,1
img_91414.jpg,1
img_14076.jpg,1
img_6461.jpg,1
img_70587.jpg,0
img_11911.jpg,0
img_72043.jpg,0
img_38915.jpg,0
img_89684.jpg,1
img_18959.jpg,1
img_13639.jpg,1
img_85888.jpg,1
img_10255.jpg,0
img_3013.jpg,0
img_1407.jpg,0
img_52372.jpg,1
img_54924.jpg,1
img_76171.jpg,1
img_77581.jpg,0
img_21197.jpg,0
img_38615.jpg,1
img_68372.jpg,0
img_3600.jpg,1
img_60013.jpg,0
img_60367.jpg,0
img_50990.jpg,0
img_17320.jpg,0
img_8084.jpg,0
img_51935.jpg,1
img_42027.jpg,0
img_29656.jpg,1
img_15885.jpg,0
img_49876.jpg,0
img_3657.jpg,0
img_77852.jpg,0
img_35669.jpg,1
img_61717.jpg,0
img_41336.jpg,0
img_59054.jpg,1
img_40118.jpg,0
img_10134.jpg,0
img_69564.jpg,0
img_42032.jpg,0
img_15395.jpg,0
img_37188.jpg,0
img_8235.jpg,0
img_13683.jpg,0
img_74184.jpg,1
img_16282.jpg,0
img_70053.jpg,0
img_859.jpg,0
img_77296.jpg,0
img_74543.jpg,0
img_73704.jpg,0
img_42975.jpg,1
img_72204.jpg,1
img_55415.jpg,0
img_71021.jpg,1
img_32901.jpg,1
img_18314.jpg,1
img_49462.jpg,0
img_83829.jpg,1
img_7913.jpg,0
img_59118.jpg,1
img_62782.jpg,0
img_5753.jpg,0
img_49910.jpg,0
img_2620.jpg,0
img_62804.jpg,0
img_4511.jpg,0
img_25378.jpg,1
img_16924.jpg,0
img_3477.jpg,0
img_73299.jpg,0
img_37288.jpg,1
img_60985.jpg,1
img_7107.jpg,0
img_66969.jpg,0
img_65313.jpg,1
img_45603.jpg,0
img_72874.jpg,1
img_68224.jpg,0
img_34774.jpg,1
img_78051.jpg,1
img_59000.jpg,1
img_62376.jpg,1
img_11996.jpg,0
img_11192.jpg,0
img_14395.jpg,1
img_15974.jpg,0
img_16435.jpg,0
img_4902.jpg,0
img_7414.jpg,0
img_60124.jpg,0
img_34264.jpg,0
img_1928.jpg,1
img_97506.jpg,1
img_39380.jpg,1
img_67947.jpg,0
img_2115.jpg,0
img_25612.jpg,1
img_57587.jpg,0
img_4434.jpg,0
img_58721.jpg,1
img_78267.jpg,0
img_80652.jpg,1
img_1076.jpg,0
img_1019.jpg,0
img_96741.jpg,1
img_13950.jpg,1
img_83624.jpg,1
img_59509.jpg,0
img_77933.jpg,0
img_6835.jpg,1
img_87846.jpg,1
img_34409.jpg,0
img_16371.jpg,0
img_69243.jpg,0
img_10247.jpg,1
img_47301.jpg,0
img_45554.jpg,1
img_13965.jpg,1
img_79904.jpg,0
img_2076.jpg,1
img_12499.jpg,0
img_86642.jpg,1
img_14979.jpg,1
img_62615.jpg,0
img_16466.jpg,1
img_100337.jpg,1
img_65978.jpg,1
img_66857.jpg,0
img_41725.jpg,0
img_14822.jpg,0
img_16367.jpg,0
img_7501.jpg,1
img_52774.jpg,0
img_13229.jpg,0
img_21618.jpg,1
img_69722.jpg,0
img_7998.jpg,0
img_2992.jpg,1
img_80492.jpg,1
img_12144.jpg,0
img_44883.jpg,1
img_67292.jpg,1
img_72276.jpg,1
img_63903.jpg,0
img_5046.jpg,0
img_13405.jpg,0
img_64403.jpg,0
img_59928.jpg,0
img_71760.jpg,1
img_27005.jpg,1
img_67186.jpg,0
img_71100.jpg,0
img_50194.jpg,0
img_7411.jpg,1
img_537.jpg,0
img_73868.jpg,0
img_85072.jpg,1
img_3351.jpg,0
img_31798.jpg,1
img_5885.jpg,0
img_24232.jpg,1
img_22895.jpg,1
img_616.jpg,0
img_58456.jpg,1
img_79542.jpg,0
img_13696.jpg,1
img_72504.jpg,0
img_9042.jpg,1
img_23890.jpg,1
img_45592.jpg,0
img_47747.jpg,0
img_589.jpg,1
img_4983.jpg,1
img_87666.jpg,1
img_1342.jpg,0
img_67841.jpg,0
img_4312.jpg,1
img_62781.jpg,1
img_78405.jpg,1
img_66767.jpg,0
img_71176.jpg,1
img_33841.jpg,0
img_57422.jpg,0
img_78805.jpg,1
img_24520.jpg,0
img_10997.jpg,1
img_35976.jpg,1
img_55109.jpg,1
img_34148.jpg,0
img_65101.jpg,0
img_4399.jpg,1
img_981.jpg,1
img_18345.jpg,0
img_66898.jpg,1
img_65672.jpg,0
img_50686.jpg,0
img_35814.jpg,0
img_6814.jpg,0
img_74623.jpg,1
img_15132.jpg,1
img_37575.jpg,1
img_68180.jpg,1
img_78367.jpg,0
img_23844.jpg,0
img_74459.jpg,0
img_3040.jpg,1
img_1256.jpg,1
img_13803.jpg,0
img_65827.jpg,1
img_9714.jpg,0
img_70830.jpg,0
img_52141.jpg,0
img_77648.jpg,1
img_3478.jpg,1
img_4446.jpg,0
img_37059.jpg,0
img_3205.jpg,0
img_2020.jpg,0
img_15696.jpg,1
img_58313.jpg,0
img_71120.jpg,1
img_93268.jpg,1
img_17413.jpg,0
img_62129.jpg,1
img_69715.jpg,0
img_38685.jpg,0
img_13211.jpg,1
img_58701.jpg,0
img_6570.jpg,0
img_66384.jpg,0
img_29282.jpg,1
img_6836.jpg,0
img_75752.jpg,0
img_93904.jpg,1
img_15895.jpg,1
img_7480.jpg,0
img_70764.jpg,0
img_12773.jpg,0
img_89892.jpg,1
img_30164.jpg,1
img_54374.jpg,0
img_61122.jpg,0
img_42295.jpg,1
img_50688.jpg,0
img_8272.jpg,1
img_12457.jpg,1
img_78852.jpg,1
img_11484.jpg,0
img_7798.jpg,0
img_5963.jpg,1
img_70991.jpg,0
img_47918.jpg,0
img_76107.jpg,0
img_78344.jpg,0
img_33669.jpg,0
img_3326.jpg,1
img_4863.jpg,0
img_70056.jpg,0
img_7471.jpg,0
img_77140.jpg,1
img_69716.jpg,0
img_8987.jpg,0
img_85885.jpg,1
img_70825.jpg,0
img_3201.jpg,0
img_5545.jpg,0
img_82035.jpg,0
img_23196.jpg,1
img_2191.jpg,1
img_99512.jpg,1
img_91262.jpg,1
img_7612.jpg,0
img_60553.jpg,1
img_87811.jpg,1
img_79567.jpg,0
img_233.jpg,0
img_62201.jpg,0
img_80885.jpg,0
img_18741.jpg,0
img_43213.jpg,0
img_24234.jpg,1
img_67411.jpg,0
img_54319.jpg,0
img_23231.jpg,1
img_82948.jpg,1
img_569.jpg,0
img_75939.jpg,0
img_50818.jpg,0
img_78909.jpg,0
img_61162.jpg,0
img_11126.jpg,0
img_5933.jpg,0
img_59012.jpg,0
img_1644.jpg,0
img_18474.jpg,0
img_11056.jpg,0
img_612.jpg,1
img_10367.jpg,1
img_67147.jpg,0
img_52278.jpg,0
img_17268.jpg,0
img_75107.jpg,1
img_57835.jpg,0
img_58472.jpg,0
img_42664.jpg,0
img_101196.jpg,1
img_15230.jpg,1
img_24357.jpg,1
img_64071.jpg,0
img_79138.jpg,1
img_57175.jpg,1
img_75020.jpg,1
img_65561.jpg,1
img_40014.jpg,1
img_11819.jpg,0
img_21899.jpg,0
img_1078.jpg,1
img_30954.jpg,1
img_11035.jpg,1
img_5067.jpg,0
img_76609.jpg,1
img_63688.jpg,0
img_71818.jpg,1
img_14659.jpg,0
img_16717.jpg,0
img_75347.jpg,0
img_2545.jpg,1
img_94879.jpg,1
img_1182.jpg,0
img_74452.jpg,0
img_31659.jpg,1
img_57808.jpg,0
img_81336.jpg,1
img_14424.jpg,0
img_20249.jpg,0
img_38023.jpg,1
img_99696.jpg,1
img_14679.jpg,0
img_5593.jpg,0
img_21535.jpg,0
img_57855.jpg,0
img_74570.jpg,0
img_70271.jpg,0
img_17239.jpg,0
img_13389.jpg,0
img_51411.jpg,0
img_39555.jpg,0
img_87263.jpg,1
img_97604.jpg,1
img_70546.jpg,0
img_52128.jpg,0
img_17863.jpg,0
img_4292.jpg,0
img_57336.jpg,0
img_64030.jpg,1
img_10039.jpg,0
img_9130.jpg,0
img_16556.jpg,0
img_78985.jpg,0
img_26907.jpg,1
img_56093.jpg,1
img_78233.jpg,1
img_40222.jpg,0
img_70710.jpg,0
img_13022.jpg,0
img_79192.jpg,0
img_24493.jpg,1
img_24314.jpg,0
img_14298.jpg,0
img_13952.jpg,0
img_9616.jpg,0
img_65622.jpg,0
img_11196.jpg,0
img_4356.jpg,0
img_75914.jpg,0
img_9352.jpg,0
img_71838.jpg,0
img_65425.jpg,1
img_48614.jpg,0
img_35528.jpg,0
img_66991.jpg,1
img_68068.jpg,0
img_80621.jpg,1
img_10092.jpg,1
img_73164.jpg,0
img_44586.jpg,0
img_88793.jpg,1
img_54868.jpg,1
img_50749.jpg,1
img_59158.jpg,0
img_31076.jpg,1
img_14283.jpg,0
img_59935.jpg,0
img_75924.jpg,0
img_63601.jpg,0
img_67338.jpg,0
img_29751.jpg,1
img_12189.jpg,0
img_9733.jpg,0
img_68641.jpg,0
img_66703.jpg,0
img_15033.jpg,0
img_52457.jpg,0
img_41839.jpg,1
img_6326.jpg,1
img_14857.jpg,0
img_19429.jpg,1
img_51235.jpg,0
img_2572.jpg,0
img_5613.jpg,1
img_9882.jpg,0
img_15929.jpg,1
img_68972.jpg,1
img_2653.jpg,1
img_5114.jpg,0
img_68246.jpg,1
img_26245.jpg,1
img_609.jpg,1
img_19129.jpg,0
img_7162.jpg,0
img_13482.jpg,1
img_56931.jpg,1
img_17187.jpg,0
img_80838.jpg,1
img_92203.jpg,1
img_49589.jpg,1
img_13805.jpg,0
img_35415.jpg,0
img_17359.jpg,1
img_10961.jpg,0
img_43775.jpg,1
img_44691.jpg,0
img_11658.jpg,1
img_947.jpg,0
img_68087.jpg,0
img_75683.jpg,1
img_3343.jpg,0
img_71613.jpg,0
img_82344.jpg,0
img_43977.jpg,0
img_17203.jpg,1
img_76549.jpg,1
img_4490.jpg,1
img_7812.jpg,1
img_28141.jpg,1
img_69702.jpg,1
img_38858.jpg,0
img_17922.jpg,1
img_9408.jpg,0
img_37738.jpg,0
img_12902.jpg,0
img_78742.jpg,1
img_38621.jpg,1
img_17862.jpg,1
img_15461.jpg,0
img_2928.jpg,0
img_40022.jpg,1
img_13863.jpg,1
img_54673.jpg,1
img_53507.jpg,0
